Designator,Mid X,Mid Y,Rotation,Layer
J1,179.45,-73.0,270.0,bottom
LED1,198.0,-66.950001,90.0,bottom
LED10,126.0,-133.0,270.0,bottom
LED11,150.0,-133.0,270.0,bottom
LED12,173.9646,-128.905,0.0,bottom
LED13,197.993,-128.8796,0.0,bottom
LED14,213.975001,-124.0,0.0,bottom
LED15,214.0,-100.0,0.0,bottom
LED16,213.999999,-76.0,0.0,bottom
LED2,174.0,-66.950001,90.0,bottom
LED3,150.0,-66.975,90.0,bottom
LED4,126.0,-66.975,90.0,bottom
LED5,102.0,-66.975,90.0,bottom
LED6,86.0,-75.2,180.0,bottom
LED7,86.0,-101.0,180.0,bottom
LED8,86.049999,-125.0,180.0,bottom
LED9,102.0,-133.0,270.0,bottom
